<openerp>
    <data>
	
	<!-- QWeb tempaltes -->
	
	<template id="workflow_employee_qweb_template" name="workflow_employee_template" inherit_id="web.assets_backend">
            <xpath expr="." position="inside">
                <link rel="stylesheet" href="/workflow/static/src/css/dataTables.css" />
				<link rel="stylesheet" href="/workflow/static/src/css/w3.css" />
				
                
			</xpath>
        </template>
	
	
 <!-- Model Views -->
        <record model="ir.ui.view" id="workflow_country">
            <field name="name">workflow.country</field>
            <field name="model">workflow.country</field>
            <field name="arch" type="xml">
                <tree>
                    <field name="country_id"></field>
                    <field name="country_name"></field>
                    <field name="currency"></field>
                </tree>
            </field>
        </record>
		
		<record model="ir.ui.view" id="workflow_employee">
            <field name="name">workflow.employee</field>
            <field name="model">workflow.employee</field>
            <field name="arch" type="xml">
                <tree>
                    <field name="employee_id"></field>
                    <field name="employee_image"></field>
                    <field name="employee_name"></field>
					<field name="date_of_birth"></field>
					<field name="date_of_joining"></field>
					<field name="personal_email"></field>
					<field name="company_email"></field>
					<field name="employee_department_ref"></field>
					<field name="employee_branch_ref"></field>
					<field name="aadhar_no"></field>
					<field name="employee_contact_no"></field>
                </tree>
            </field>
        </record>
		
		<record model="ir.ui.view" id="workflow_state">
            <field name="name">workflow.state</field>
            <field name="model">workflow.state</field>
            <field name="arch" type="xml">
                <tree>
                    <field name="state_id"></field>
                    <field name="state_name"></field>
                    <field name="state_country_ref"></field>
                </tree>
            </field>
        </record>
		
<!-- Actions -->
        <record model="ir.actions.act_window" id="action_workflow_country">
            <field name="name">Country</field>
            <field name="res_model">workflow.country</field>
            <field name="view_mode">tree,form</field>
        </record>
		
		<record model="ir.actions.act_window" id="action_workflow_employee">
            <field name="name">Employee</field>
            <field name="res_model">workflow.employee</field>
            <field name="view_mode">tree,form</field>
        </record>
		
		<record model="ir.actions.act_window" id="action_workflow_state">
            <field name="name">State</field>
            <field name="res_model">workflow.state</field>
            <field name="view_mode">tree,form</field>
        </record>
		
		<record id="action_employee_qweb" model="ir.actions.client">
            <field name="name">Employee Qweb</field>
            <field name="tag">workflow.employee.qweb</field>
        </record>
		
<!-- Menu Items -->		
        <menuitem id="menu_root" name="Workflow"/>
        <menuitem id="menu_workflow_demographic_root" parent="menu_root" name="Demographic Details" sequence="10"/>
		  <menuitem id="menu_workflow_employee" parent="menu_workflow_demographic_root" name="Employee" sequence="3"
          action="action_workflow_employee"/>
          <menuitem id="menu_workflow_country" parent="menu_workflow_demographic_root" name="Country" sequence="1"
          action="action_workflow_country"/>
		  <menuitem id="menu_workflow_state" parent="menu_workflow_demographic_root" name="State" sequence="2"
          action="action_workflow_state"/>
		  <menuitem id="workflow_employee_qweb_menu" parent="menu_workflow_demographic_root" name="Employee" sequence="3"
          action="action_employee_qweb"/>

    </data>
</openerp>