<?xml version="1.0" encoding="UTF-8"?>
<templates xml:space="preserve">
	
    <t t-name="workflow_country">
		<div class="w3-bar w3-light-grey">
		  <div class="w3-bar-item"><h3>Employees</h3></div>
		  <div class="w3-bar-item w3-right w3-button">
			<h3 class="glyphicon glyphicon-th-list"></h3>
		 </div>
		 <p><div class="w3-btn w3-indigo">Create</div></p>
		</div>
		<div class="w3-container">
			<div class="w3-margin" >
				<table class="w3-table" id="datatable">
				<thead>
					<tr class="w3-indigo">
					<th>Name</th>
					<th>Department</th>
					<th>Branch</th>
					<th>Company</th>
					<th>Email ID</th>
					<th>Contact No</th>
					</tr>
				</thead>
				<tbody>
					
				
				</tbody>
					
				</table>
			
			</div>
		
			
		</div>
		
        <div style="background-color: red;">This is some simple HTML</div>
    </t>
</templates>